"Group","Astronaut","Service","Mission, crew position"
"Astronaut Group 1 (Project Mercury veterans)","L. Gordon Cooper","USAF","Gemini 5 Command Pilot"
"Virgil ""Gus"" Grissom","Gemini 3 Command Pilot"
"Walter M. Schirra","USN","Gemini 6A Command Pilot"
"Astronaut Group 2","Neil A. Armstrong","Civilian[Note 5]","Gemini 8 Command Pilot"
"Frank Borman","USAF","Gemini 7 Command Pilot"
"Charles ""Pete"" Conrad","USN","Gemini 5 Pilot"
"Gemini 11 Command Pilot"
"James A. Lovell","USN","Gemini 7 Pilot"
"Gemini 12 Command Pilot"
"James A. McDivitt","USAF","Gemini 4 Command Pilot"
"Thomas P. Stafford","Gemini 6A Pilot"
"Gemini 9 Command Pilot"
"Edward H. White II","Gemini 4 Pilot"
"John W. Young","USN","Gemini 3 Pilot"
"Gemini 10 Command Pilot"
"Astronaut Group 3","Edwin ""Buzz"" Aldrin","USAF","Gemini 12 Pilot"
"Eugene A. Cernan","USN","Gemini 9 Pilot"
"Michael Collins","USAF","Gemini 10 Pilot"
"Richard F. Gordon","USN","Gemini 11 Pilot"
"David R. Scott","USAF","Gemini 8 Pilot"
